Algorithm,Accuracy,Precision,Recall,F1 Score,Computation Time (s), Category
Logistic Regression,0.87,0.81,0.79,0.80,0.12, Regression
SVM,0.49,0.85,0.84,0.84,0.75, Regression
Random Forest,0.92,0.88,0.86,0.87,0.45, Regression
Gradient Boosting,0.93,0.90,0.88,0.89,0.67, Regression
K-Nearest Neighbors,0.85,0.80,0.76,0.78,0.22, Regression
Naive Bayes,0.81,0.78,0.74,0.76,0.05, Classification
Neural Networks,0.95,0.92,0.90,0.91,1.20, Classification
Decision Trees,0.82,0.79,0.77,0.78,0.35, Classification